variavel;descricao;codigos_no_banco;fonte;observacao
key;Chave original do registro no sistema de coleta;;"Netquest; survey experimental; coleta de 21/05 a 17/06/2025; exportação administrativa original";"Arquivo SAV original preservado integralmente; nenhuma transformação aplicada à base."
numericalId;Identificador numérico original do registro;;"Netquest; survey experimental; coleta de 21/05 a 17/06/2025; exportação administrativa original";"Arquivo SAV original preservado integralmente; nenhuma transformação aplicada à base."
accessCount;Contagem de acessos registrada pelo sistema de coleta;;"Netquest; survey experimental; coleta de 21/05 a 17/06/2025; exportação administrativa original";"Arquivo SAV original preservado integralmente; nenhuma transformação aplicada à base."
startTime;Data e hora de início registradas na coleta;;"Netquest; survey experimental; coleta de 21/05 a 17/06/2025; exportação administrativa original";"Arquivo SAV original preservado integralmente; nenhuma transformação aplicada à base."
endTime;Data e hora de término registradas na coleta;;"Netquest; survey experimental; coleta de 21/05 a 17/06/2025; exportação administrativa original";"Arquivo SAV original preservado integralmente; nenhuma transformação aplicada à base."
duration;Duração registrada pelo sistema de coleta (unidade não informada no rótulo original);;"Netquest; survey experimental; coleta de 21/05 a 17/06/2025; exportação administrativa original";"Arquivo SAV original preservado integralmente; nenhuma transformação aplicada à base."
status;Estado de conclusão do registro no sistema de coleta;;"Netquest; survey experimental; coleta de 21/05 a 17/06/2025; exportação administrativa original";"Arquivo SAV original preservado integralmente; nenhuma transformação aplicada à base."
type;Tipo de registro no sistema de coleta;;"Netquest; survey experimental; coleta de 21/05 a 17/06/2025; exportação administrativa original";"Arquivo SAV original preservado integralmente; nenhuma transformação aplicada à base."
CodPanelista;Código original do participante no painel Netquest;;"Netquest; survey experimental; coleta de 21/05 a 17/06/2025; exportação administrativa original";"Arquivo SAV original preservado integralmente; nenhuma transformação aplicada à base."
DEVICE;Dispositivo de acesso registrado na coleta;1 = Desktop | 2 = Tablet | 3 = Mobile;"Netquest; survey experimental; coleta de 21/05 a 17/06/2025; exportação administrativa original";"Arquivo SAV original preservado integralmente; nenhuma transformação aplicada à base."
GENERO;Com que gênero você se identifica?;1 = Masculino | 2 = Feminino;"Netquest; survey experimental; coleta de 21/05 a 17/06/2025";"Arquivo SAV original preservado integralmente; nenhuma transformação aplicada à base."
EDAD;Quantos anos você tem?;;"Netquest; survey experimental; coleta de 21/05 a 17/06/2025";"Arquivo SAV original preservado integralmente; nenhuma transformação aplicada à base."
ppi_tp;"Campo administrativo ppi_tp da exportação Netquest; significado não detalhado no material fornecido";;"Netquest; survey experimental; coleta de 21/05 a 17/06/2025; exportação administrativa original";"Arquivo SAV original preservado integralmente; nenhuma transformação aplicada à base."
EDADR;Faixa etária;1 = 0_17 | 2 = 18_24 | 3 = 25_34 | 4 = 35_44 | 5 = 45_59 | 6 = 60_+;"Netquest; survey experimental; coleta de 21/05 a 17/06/2025";"Arquivo SAV original preservado integralmente; nenhuma transformação aplicada à base."
NSE_BR;Classe socioeconômica do painel no Brasil;1 = A | 2 = B1 | 3 = B2 | 4 = C1 | 5 = C2 | 6 = D-E | 999 = No informada;"Netquest; survey experimental; coleta de 21/05 a 17/06/2025";"Arquivo SAV original preservado integralmente; nenhuma transformação aplicada à base."
REGION_BR;Grande região de residência no Brasil;1 = Norte | 2 = Nordeste | 3 = Sudeste | 4 = Sul | 5 = Centro-Oeste | 999 = No informada;"Netquest; survey experimental; coleta de 21/05 a 17/06/2025";"Arquivo SAV original preservado integralmente; nenhuma transformação aplicada à base."
EDU2;Nível de escolaridade em oito categorias;1 = Analfabeto / Primário incompleto (Analfabeto/ Até 3ª série Fundamental/ Até 3ª série 1º. Grau) | 2 = Primário completo / Ginasial incompleto (Até 4ª série Fundamental / Até 4ª série 1º. Grau) | 3 = Ginasial completo / Colegial incompleto (Fundamental completo/ 1º. Grau completo) | 4 = Colegial completo / Superior incompleto (Médio completo/ 2º. Grau completo) | 5 = Superior completo | 6 = Pós-graduação | 7 = Mestrado | 8 = Doutorado | 999 = No Informada;"Netquest; survey experimental; coleta de 21/05 a 17/06/2025";"Arquivo SAV original preservado integralmente; nenhuma transformação aplicada à base."
INCOME;Em qual das seguintes faixas de renda mensal você se situa, o que melhor descreve sua situação socioeconômica?;1 = Até 2 salários mínimos | 2 = 2-5 salários mínimos | 3 = Acima de 5 salário mínimos;"Netquest; survey experimental; coleta de 21/05 a 17/06/2025";"Arquivo SAV original preservado integralmente; nenhuma transformação aplicada à base."
ESCOLARIDAD;Qual o seu nível de escolaridade mais alto concluído?;1 = Até fundamental completo | 2 = Ensino Médio incompleto ou completo | 3 = Ensino Superior incompleto ou completo;"Netquest; survey experimental; coleta de 21/05 a 17/06/2025";"Arquivo SAV original preservado integralmente; nenhuma transformação aplicada à base."
BLOCO_1;Você aceita participar deste estudo?;1 = Sim | 2 = Não;"Netquest; survey experimental; coleta de 21/05 a 17/06/2025";"Arquivo SAV original preservado integralmente; nenhuma transformação aplicada à base."
P1;Considerando seu interesse por política, você se considera?;1 = Muito interessado(a) | 2 = Um pouco interessado(a) | 3 = Pouco interessado(a) | 4 = Nada interessado(a) | 97 = Não sei | 99 = Não recordo;"Netquest; survey experimental; coleta de 21/05 a 17/06/2025";"Arquivo SAV original preservado integralmente; nenhuma transformação aplicada à base."
P2;Na política, as pessoas falam muito sobre esquerda e direita. É muito comum usarmos essa escala para classificar políticos, mídia e personalidades famosas. Em uma escala em que 1 significa esquerda e 10 significa direita, onde você diria que você está e ca;1 = 1 - Esquerda | 2 = 2 | 3 = 3 | 4 = 4 | 5 = 5 | 6 = 6 | 7 = 7 | 8 = 8 | 9 = 9 | 10 = 10 - Direita | 97 = Não sei | 99 = Não recordo;"Netquest; survey experimental; coleta de 21/05 a 17/06/2025";"Arquivo SAV original preservado integralmente; nenhuma transformação aplicada à base."
P3_1;PT_Agora, indique o que você pensa sobre alguns partidos políticos e candidatos, atribuindo uma nota de 0 a 10, onde zero significa que você “não gosta de jeito nenhum do partido/candidato”, cinco significa que você “não gosta nem desgosta do partido” e de;0 = 0 - Não gosto de jeito nenhum | 1 = 1 | 2 = 2 | 3 = 3 | 4 = 4 | 5 = 5 - Não gosto nem desgosto | 6 = 6 | 7 = 7 | 8 = 8 | 9 = 9 | 10 = 10 - Gosto muito;"Netquest; survey experimental; coleta de 21/05 a 17/06/2025";"Arquivo SAV original preservado integralmente; nenhuma transformação aplicada à base."
P3_2;Lula_Agora, indique o que você pensa sobre alguns partidos políticos e candidatos, atribuindo uma nota de 0 a 10, onde zero significa que você “não gosta de jeito nenhum do partido/candidato”, cinco significa que você “não gosta nem desgosta do partido” e;0 = 0 - Não gosto de jeito nenhum | 1 = 1 | 2 = 2 | 3 = 3 | 4 = 4 | 5 = 5 - Não gosto nem desgosto | 6 = 6 | 7 = 7 | 8 = 8 | 9 = 9 | 10 = 10 - Gosto muito;"Netquest; survey experimental; coleta de 21/05 a 17/06/2025";"Arquivo SAV original preservado integralmente; nenhuma transformação aplicada à base."
P3_3;PL_Agora, indique o que você pensa sobre alguns partidos políticos e candidatos, atribuindo uma nota de 0 a 10, onde zero significa que você “não gosta de jeito nenhum do partido/candidato”, cinco significa que você “não gosta nem desgosta do partido” e de;0 = 0 - Não gosto de jeito nenhum | 1 = 1 | 2 = 2 | 3 = 3 | 4 = 4 | 5 = 5 - Não gosto nem desgosto | 6 = 6 | 7 = 7 | 8 = 8 | 9 = 9 | 10 = 10 - Gosto muito;"Netquest; survey experimental; coleta de 21/05 a 17/06/2025";"Arquivo SAV original preservado integralmente; nenhuma transformação aplicada à base."
P3_4;Bolsonaro_Agora, indique o que você pensa sobre alguns partidos políticos e candidatos, atribuindo uma nota de 0 a 10, onde zero significa que você “não gosta de jeito nenhum do partido/candidato”, cinco significa que você “não gosta nem desgosta do partid;0 = 0 - Não gosto de jeito nenhum | 1 = 1 | 2 = 2 | 3 = 3 | 4 = 4 | 5 = 5 - Não gosto nem desgosto | 6 = 6 | 7 = 7 | 8 = 8 | 9 = 9 | 10 = 10 - Gosto muito;"Netquest; survey experimental; coleta de 21/05 a 17/06/2025";"Arquivo SAV original preservado integralmente; nenhuma transformação aplicada à base."
GRUPO;Condição experimental atribuída ao respondente;1 = GRUPO_CONTROLE | 2 = GRUPO_LULA | 3 = GRUPO_PT | 4 = GRUPO_BOLSONARO | 5 = GRUPO_LULA_BOLSONARO;"Netquest; survey experimental; coleta de 21/05 a 17/06/2025";"Arquivo SAV original preservado integralmente; nenhuma transformação aplicada à base."
PBS1A;Privatização da Petrobrás. Você apoia ou se opõe à privatização da Petrobrás?;1 = Contra | 2 = À favor | 3 = Não sei;"Netquest; survey experimental; coleta de 21/05 a 17/06/2025";"Arquivo SAV original preservado integralmente; nenhuma transformação aplicada à base."
PBS2A;Liberação do uso da maconha em tratamentos médicos. Você apoia ou se opõe a liberação do uso da maconha em tratamentos médicos?;1 = Contra | 2 = À favor | 3 = Não sei;"Netquest; survey experimental; coleta de 21/05 a 17/06/2025";"Arquivo SAV original preservado integralmente; nenhuma transformação aplicada à base."
PBS3A;Educação sexual nas escolas. Você apoia ou se opõe à educação sexual nas escolas?;1 = Contra | 2 = À favor | 3 = Não sei;"Netquest; survey experimental; coleta de 21/05 a 17/06/2025";"Arquivo SAV original preservado integralmente; nenhuma transformação aplicada à base."
PBS4A;Em certas circunstâncias, como quando há muito crime ou diante de muita corrupção, os militares devem ter o direito de tomar o poder através de um golpe de estado. Você apoia ou se opõe que em certas circunstâncias os militares tomem o poder através de um;1 = Contra | 2 = À favor | 3 = Não sei;"Netquest; survey experimental; coleta de 21/05 a 17/06/2025";"Arquivo SAV original preservado integralmente; nenhuma transformação aplicada à base."
PBS5A;A proibição de venda de armas de fogo. Você apoia ou se opõe à proibição de venda de armas de fogo?;1 = Contra | 2 = À favor | 3 = Não sei;"Netquest; survey experimental; coleta de 21/05 a 17/06/2025";"Arquivo SAV original preservado integralmente; nenhuma transformação aplicada à base."
PBS6A;Adoção de cotas raciais. Você apoia ou se opõe a adoção de cotas raciais?;1 = Contra | 2 = À favor | 3 = Não sei;"Netquest; survey experimental; coleta de 21/05 a 17/06/2025";"Arquivo SAV original preservado integralmente; nenhuma transformação aplicada à base."
PBS7A;Pode haver democracia sem que existam partidos políticos. Você concorda ou discorda que pode haver democracia sem que existam partidos políticos?;1 = Contra | 2 = À favor | 3 = Não sei;"Netquest; survey experimental; coleta de 21/05 a 17/06/2025";"Arquivo SAV original preservado integralmente; nenhuma transformação aplicada à base."
PBS8A;Aumentar a quantidade de impostos pagos pelos ricos. Você apoia ou se opõe ao aumento da quantidade de impostos pagos pelos ricos?;1 = Contra | 2 = À favor | 3 = Não sei;"Netquest; survey experimental; coleta de 21/05 a 17/06/2025";"Arquivo SAV original preservado integralmente; nenhuma transformação aplicada à base."
PBS9A;A política ambiental atrapalha o desenvolvimento do Brasil. Você concorda ou discorda que a política ambiental atrapalha o desenvolvimento do Brasil?;1 = Contra | 2 = À favor | 3 = Não sei;"Netquest; survey experimental; coleta de 21/05 a 17/06/2025";"Arquivo SAV original preservado integralmente; nenhuma transformação aplicada à base."
PBS10A;A Amazônia deve ser administrada por um conjunto de países e entidades internacionais, e não apenas de acordo com o interesse do Brasil. Você apoia ou se opõe a administração da Amazônia ser feita por um conjunto de países e entidades internacionais, e não;1 = Contra | 2 = À favor | 3 = Não sei;"Netquest; survey experimental; coleta de 21/05 a 17/06/2025";"Arquivo SAV original preservado integralmente; nenhuma transformação aplicada à base."
PBS11A;O agronegócio brasileiro precisa de mais espaço para produzir e deve ocupar áreas de floresta que hoje são preservadas. Você apoia ou se opõe a ideia de que o agronegócio precisa de mais espaço para produzir e deve ocupar áreas de floresta que hoje são pre;1 = Contra | 2 = À favor | 3 = Não sei;"Netquest; survey experimental; coleta de 21/05 a 17/06/2025";"Arquivo SAV original preservado integralmente; nenhuma transformação aplicada à base."
PBS12A;Aumento de impostos para preservar o meio ambiente. Você apoia ou se opõe ao aumento de impostos para preservar o meio ambiente?;1 = Contra | 2 = À favor | 3 = Não sei;"Netquest; survey experimental; coleta de 21/05 a 17/06/2025";"Arquivo SAV original preservado integralmente; nenhuma transformação aplicada à base."
PBS13A;Contratação de médicos estrangeiros para o SUS, como vem fazendo o programa Mais Médicos. Você apoia ou se opõe a contração de médicos estrangeiros para o SUS, como vem fazendo o programa Mais Médicos?;1 = Contra | 2 = À favor | 3 = Não sei;"Netquest; survey experimental; coleta de 21/05 a 17/06/2025";"Arquivo SAV original preservado integralmente; nenhuma transformação aplicada à base."
PBS1B;Privatização da Petrobrás. Lula afirmou que se opõe a essa política. E você? Você apoia ou se opõe à privatização da Petrobrás?;1 = Contra | 2 = À favor | 3 = Não sei;"Netquest; survey experimental; coleta de 21/05 a 17/06/2025";"Arquivo SAV original preservado integralmente; nenhuma transformação aplicada à base."
PBS2B;Liberação do uso da maconha em tratamentos médicos. Lula afirmou que apoia essa política. E você? Você apoia ou se opõe a liberação do uso da maconha em tratamentos médicos?;1 = Contra | 2 = À favor | 3 = Não sei;"Netquest; survey experimental; coleta de 21/05 a 17/06/2025";"Arquivo SAV original preservado integralmente; nenhuma transformação aplicada à base."
PBS3B;Educação sexual nas escolas. Lula afirmou que apoia essa política. E você? Você apoia ou se opõe à educação sexual nas escolas?;1 = Contra | 2 = À favor | 3 = Não sei;"Netquest; survey experimental; coleta de 21/05 a 17/06/2025";"Arquivo SAV original preservado integralmente; nenhuma transformação aplicada à base."
PBS4B;Em certas circunstâncias, como quando há muito crime ou diante de muita corrupção, os militares devem ter o direito de tomar o poder através de um golpe de estado. Lula afirmou que se opõe a essa política. E você? Você apoia ou se opõe que em certas circun;1 = Contra | 2 = À favor | 3 = Não sei;"Netquest; survey experimental; coleta de 21/05 a 17/06/2025";"Arquivo SAV original preservado integralmente; nenhuma transformação aplicada à base."
PBS5B;A proibição de venda de armas de fogo. Lula afirmou que apoia essa política. E você? Você apoia ou se opõe à proibição de venda de armas de fogo?;1 = Contra | 2 = À favor | 3 = Não sei;"Netquest; survey experimental; coleta de 21/05 a 17/06/2025";"Arquivo SAV original preservado integralmente; nenhuma transformação aplicada à base."
PBS6B;Adoção de cotas raciais. Lula afirmou que apoia essa política. E você? Você apoia ou se opõe a adoção de cotas raciais?;1 = Contra | 2 = À favor | 3 = Não sei;"Netquest; survey experimental; coleta de 21/05 a 17/06/2025";"Arquivo SAV original preservado integralmente; nenhuma transformação aplicada à base."
PBS7B;Pode haver democracia sem que existam partidos políticos. Lula afirmou que discorda dessa afirmação. E você? Você concorda ou discorda que pode haver democracia sem que existam partidos políticos?;1 = Contra | 2 = À favor | 3 = Não sei;"Netquest; survey experimental; coleta de 21/05 a 17/06/2025";"Arquivo SAV original preservado integralmente; nenhuma transformação aplicada à base."
PBS8B;Aumentar a quantidade de impostos pagos pelos ricos. Lula afirmou que apoia essa política. E você? Você apoia ou se opõe ao aumento da quantidade de impostos pagos pelos ricos?;1 = Contra | 2 = À favor | 3 = Não sei;"Netquest; survey experimental; coleta de 21/05 a 17/06/2025";"Arquivo SAV original preservado integralmente; nenhuma transformação aplicada à base."
PBS9B;A política ambiental atrapalha o desenvolvimento do Brasil. Lula afirmou que discorda dessa afirmação. E você? Você concorda ou discorda que a política ambiental atrapalha o desenvolvimento do Brasil?;1 = Contra | 2 = À favor | 3 = Não sei;"Netquest; survey experimental; coleta de 21/05 a 17/06/2025";"Arquivo SAV original preservado integralmente; nenhuma transformação aplicada à base."
PBS10B;A Amazônia deve ser administrada por um conjunto de países e entidades internacionais, e não apenas de acordo com o interesse do Brasil. Lula afirmou que apoia essa política. E você? Você apoia ou se opõe a administração da Amazônia ser feita por um conjun;1 = Contra | 2 = À favor | 3 = Não sei;"Netquest; survey experimental; coleta de 21/05 a 17/06/2025";"Arquivo SAV original preservado integralmente; nenhuma transformação aplicada à base."
PBS11B;O agronegócio brasileiro precisa de mais espaço para produzir e deve ocupar áreas de floresta que hoje são preservadas. Lula afirmou que se opõe a essa política. E você? Você apoia ou se opõe a ideia de que o agronegócio precisa de mais espaço para produzi;1 = Contra | 2 = À favor | 3 = Não sei;"Netquest; survey experimental; coleta de 21/05 a 17/06/2025";"Arquivo SAV original preservado integralmente; nenhuma transformação aplicada à base."
PBS12B;Aumento de impostos para preservar o meio ambiente. Lula afirmou que apoia essa política. E você? Você apoia ou se opõe ao aumento de impostos para preservar o meio ambiente?;1 = Contra | 2 = À favor | 3 = Não sei;"Netquest; survey experimental; coleta de 21/05 a 17/06/2025";"Arquivo SAV original preservado integralmente; nenhuma transformação aplicada à base."
PBS13B;Contratação de médicos estrangeiros para o SUS, como vem fazendo o programa Mais Médicos. Lula afirmou que apoia essa política. E você? Você apoia ou se opõe a contração de médicos estrangeiros para o SUS, como vem fazendo o programa Mais Médicos?;1 = Contra | 2 = À favor | 3 = Não sei;"Netquest; survey experimental; coleta de 21/05 a 17/06/2025";"Arquivo SAV original preservado integralmente; nenhuma transformação aplicada à base."
PBS1C;Privatização da Petrobrás. A bancada do PT na Câmara dos Deputados afirmou que se opõe a essa política. E você? Você apoia ou se opõe à privatização da Petrobrás?;1 = Contra | 2 = À favor | 3 = Não sei;"Netquest; survey experimental; coleta de 21/05 a 17/06/2025";"Arquivo SAV original preservado integralmente; nenhuma transformação aplicada à base."
PBS2C;Liberação do uso da maconha em tratamentos médicos. A bancada do PT na Câmara dos Deputados afirmou que apoia essa política. E você? Você apoia ou se opõe a liberação do uso da maconha em tratamentos médicos?;1 = Contra | 2 = À favor | 3 = Não sei;"Netquest; survey experimental; coleta de 21/05 a 17/06/2025";"Arquivo SAV original preservado integralmente; nenhuma transformação aplicada à base."
PBS3C;Educação sexual nas escolas. A bancada do PT na Câmara dos Deputados afirmou que apoia essa política. E você? Você apoia ou se opõe à educação sexual nas escolas?;1 = Contra | 2 = À favor | 3 = Não sei;"Netquest; survey experimental; coleta de 21/05 a 17/06/2025";"Arquivo SAV original preservado integralmente; nenhuma transformação aplicada à base."
PBS4C;Em certas circunstâncias, como quando há muito crime ou diante de muita corrupção, os militares devem ter o direito de tomar o poder através de um golpe de estado. A bancada do PT na Câmara dos Deputados afirmou que se opõe a essa política. E você? Você ap;1 = Contra | 2 = À favor | 3 = Não sei;"Netquest; survey experimental; coleta de 21/05 a 17/06/2025";"Arquivo SAV original preservado integralmente; nenhuma transformação aplicada à base."
PBS5C;A proibição de venda de armas de fogo. A bancada do PT na Câmara dos Deputados afirmou que apoia essa política. E você? Você apoia ou se opõe à proibição de venda de armas de fogo?;1 = Contra | 2 = À favor | 3 = Não sei;"Netquest; survey experimental; coleta de 21/05 a 17/06/2025";"Arquivo SAV original preservado integralmente; nenhuma transformação aplicada à base."
PBS6C;Adoção de cotas raciais. A bancada do PT na Câmara dos Deputados afirmou que apoia essa política. E você? Você apoia ou se opõe a adoção de cotas raciais?;1 = Contra | 2 = À favor | 3 = Não sei;"Netquest; survey experimental; coleta de 21/05 a 17/06/2025";"Arquivo SAV original preservado integralmente; nenhuma transformação aplicada à base."
PBS7C;Pode haver democracia sem que existam partidos políticos. A bancada do PT na Câmara dos Deputados afirmou que discorda dessa afirmação. E você? Você concorda ou discorda que pode haver democracia sem que existam partidos políticos?;1 = Contra | 2 = À favor | 3 = Não sei;"Netquest; survey experimental; coleta de 21/05 a 17/06/2025";"Arquivo SAV original preservado integralmente; nenhuma transformação aplicada à base."
PBS8C;Aumentar a quantidade de impostos pagos pelos ricos. A bancada do PT na Câmara dos Deputados afirmou que apoia essa política. E você? Você apoia ou se opõe ao aumento da quantidade de impostos pagos pelos ricos?;1 = Contra | 2 = À favor | 3 = Não sei;"Netquest; survey experimental; coleta de 21/05 a 17/06/2025";"Arquivo SAV original preservado integralmente; nenhuma transformação aplicada à base."
PBS9C;A política ambiental atrapalha o desenvolvimento do Brasil. A bancada do PT na Câmara dos Deputados afirmou que discorda dessa afirmação. E você? Você concorda ou discorda que a política ambiental atrapalha o desenvolvimento do Brasil?;1 = Contra | 2 = À favor | 3 = Não sei;"Netquest; survey experimental; coleta de 21/05 a 17/06/2025";"Arquivo SAV original preservado integralmente; nenhuma transformação aplicada à base."
PBS10C;A Amazônia deve ser administrada por um conjunto de países e entidades internacionais, e não apenas de acordo com o interesse do Brasil. A bancada do PT na Câmara dos Deputados afirmou que apoia essa política. E você? Você apoia ou se opõe a administração;1 = Contra | 2 = À favor | 3 = Não sei;"Netquest; survey experimental; coleta de 21/05 a 17/06/2025";"Arquivo SAV original preservado integralmente; nenhuma transformação aplicada à base."
PBS11C;O agronegócio brasileiro precisa de mais espaço para produzir e deve ocupar áreas de floresta que hoje são preservadas. A bancada do PT na Câmara dos Deputados afirmou que se opõe a essa política. E você? Você apoia ou se opõe a ideia de que o agronegócio;1 = Contra | 2 = À favor | 3 = Não sei;"Netquest; survey experimental; coleta de 21/05 a 17/06/2025";"Arquivo SAV original preservado integralmente; nenhuma transformação aplicada à base."
PBS12C;Aumento de impostos para preservar o meio ambiente. A bancada do PT na Câmara dos Deputados afirmou que apoia essa política. E você? Você apoia ou se opõe ao aumento de impostos para preservar o meio ambiente?;1 = Contra | 2 = À favor | 3 = Não sei;"Netquest; survey experimental; coleta de 21/05 a 17/06/2025";"Arquivo SAV original preservado integralmente; nenhuma transformação aplicada à base."
PBS13C;Contratação de médicos estrangeiros para o SUS, como vem fazendo o programa Mais Médicos. A bancada do PT na Câmara dos Deputados afirmou que apoia essa política. E você? Você apoia ou se opõe a contração de médicos estrangeiros para o SUS, como vem fazend;1 = Contra | 2 = À favor | 3 = Não sei;"Netquest; survey experimental; coleta de 21/05 a 17/06/2025";"Arquivo SAV original preservado integralmente; nenhuma transformação aplicada à base."
PBS1D;Privatização da Petrobrás. Bolsonaro afirmou que apoia essa política. E você? Você apoia ou se opõe à privatização da Petrobrás?;1 = Contra | 2 = À favor | 3 = Não sei;"Netquest; survey experimental; coleta de 21/05 a 17/06/2025";"Arquivo SAV original preservado integralmente; nenhuma transformação aplicada à base."
PBS2D;Liberação do uso da maconha em tratamentos médicos. Bolsonaro afirmou que se opõe a essa política. E você? Você apoia ou se opõe a liberação do uso da maconha em tratamentos médicos?;1 = Contra | 2 = À favor | 3 = Não sei;"Netquest; survey experimental; coleta de 21/05 a 17/06/2025";"Arquivo SAV original preservado integralmente; nenhuma transformação aplicada à base."
PBS3D;Educação sexual nas escolas. Bolsonaro afirmou que se opõe a essa política. E você? Você apoia ou se opõe à educação sexual nas escolas?;1 = Contra | 2 = À favor | 3 = Não sei;"Netquest; survey experimental; coleta de 21/05 a 17/06/2025";"Arquivo SAV original preservado integralmente; nenhuma transformação aplicada à base."
PBS4D;Em certas circunstâncias, como quando há muito crime ou diante de muita corrupção, os militares devem ter o direito de tomar o poder através de um golpe de estado. Bolsonaro afirmou que apoia essa política. E você? Você apoia ou se opõe que em certas circu;1 = Contra | 2 = À favor | 3 = Não sei;"Netquest; survey experimental; coleta de 21/05 a 17/06/2025";"Arquivo SAV original preservado integralmente; nenhuma transformação aplicada à base."
PBS5D;A proibição de venda de armas de fogo. Bolsonaro afirmou que se opõe a essa política. E você? Você apoia ou se opõe à proibição de venda de armas de fogo?;1 = Contra | 2 = À favor | 3 = Não sei;"Netquest; survey experimental; coleta de 21/05 a 17/06/2025";"Arquivo SAV original preservado integralmente; nenhuma transformação aplicada à base."
PBS6D;Adoção de cotas raciais. Bolsonaro afirmou que se opõe a essa política. E você? Você apoia ou se opõe a adoção de cotas raciais?;1 = Contra | 2 = À favor | 3 = Não sei;"Netquest; survey experimental; coleta de 21/05 a 17/06/2025";"Arquivo SAV original preservado integralmente; nenhuma transformação aplicada à base."
PBS7D;Pode haver democracia sem que existam partidos políticos. Bolsonaro afirmou que concorda com essa afirmação. E você? Você concorda ou discorda que pode haver democracia sem que existam partidos políticos?;1 = Contra | 2 = À favor | 3 = Não sei;"Netquest; survey experimental; coleta de 21/05 a 17/06/2025";"Arquivo SAV original preservado integralmente; nenhuma transformação aplicada à base."
PBS8D;Aumentar a quantidade de impostos pagos pelos ricos. Bolsonaro afirmou que se opõe a essa política. E você? Você apoia ou se opõe ao aumento da quantidade de impostos pagos pelos ricos?;1 = Contra | 2 = À favor | 3 = Não sei;"Netquest; survey experimental; coleta de 21/05 a 17/06/2025";"Arquivo SAV original preservado integralmente; nenhuma transformação aplicada à base."
PBS9D;A política ambiental atrapalha o desenvolvimento do Brasil. Bolsonaro afirmou que concorda com essa afirmação. E você? Você concorda ou discorda que a política ambiental atrapalha o desenvolvimento do Brasil?;1 = Contra | 2 = À favor | 3 = Não sei;"Netquest; survey experimental; coleta de 21/05 a 17/06/2025";"Arquivo SAV original preservado integralmente; nenhuma transformação aplicada à base."
PBS10D;A Amazônia deve ser administrada por um conjunto de países e entidades internacionais, e não apenas de acordo com o interesse do Brasil. Bolsonaro afirmou que se opõe a essa política. E você? Você apoia ou se opõe a administração da Amazônia ser feita por;1 = Contra | 2 = À favor | 3 = Não sei;"Netquest; survey experimental; coleta de 21/05 a 17/06/2025";"Arquivo SAV original preservado integralmente; nenhuma transformação aplicada à base."
PBS11D;O agronegócio brasileiro precisa de mais espaço para produzir e deve ocupar áreas de floresta que hoje são preservadas. Bolsonaro afirmou que apoia essa política. E você? Você apoia ou se opõe a ideia de que o agronegócio precisa de mais espaço para produz;1 = Contra | 2 = À favor | 3 = Não sei;"Netquest; survey experimental; coleta de 21/05 a 17/06/2025";"Arquivo SAV original preservado integralmente; nenhuma transformação aplicada à base."
PBS12D;Aumento de impostos para preservar o meio ambiente. Bolsonaro afirmou que se opõe a essa política. E você? Você apoia ou se opõe ao aumento de impostos para preservar o meio ambiente?;1 = Contra | 2 = À favor | 3 = Não sei;"Netquest; survey experimental; coleta de 21/05 a 17/06/2025";"Arquivo SAV original preservado integralmente; nenhuma transformação aplicada à base."
PBS13D;Contratação de médicos estrangeiros para o SUS, como vem fazendo o programa Mais Médicos. Bolsonaro afirmou que se opõe a essa política. E você? Você apoia ou se opõe a contração de médicos estrangeiros para o SUS, como vem fazendo o programa Mais Médicos?;1 = Contra | 2 = À favor | 3 = Não sei;"Netquest; survey experimental; coleta de 21/05 a 17/06/2025";"Arquivo SAV original preservado integralmente; nenhuma transformação aplicada à base."
PBS1E;Privatização da Petrobrás. Lula afirmou que se opõe a essa política. Já Bolsonaro afirmou que apoia. E você? Você apoia ou se opõe à privatização da Petrobrás?;1 = Contra | 2 = À favor | 3 = Não sei;"Netquest; survey experimental; coleta de 21/05 a 17/06/2025";"Arquivo SAV original preservado integralmente; nenhuma transformação aplicada à base."
PBS2E;Liberação do uso da maconha em tratamentos médicos. Lula afirmou que apoia essa política. Já Bolsonaro afirmou que se opõe. E você? Você apoia ou se opõe a liberação do uso da maconha em tratamentos médicos?;1 = Contra | 2 = À favor | 3 = Não sei;"Netquest; survey experimental; coleta de 21/05 a 17/06/2025";"Arquivo SAV original preservado integralmente; nenhuma transformação aplicada à base."
PBS3E;Educação sexual nas escolas. Lula afirmou que apoia essa política. Já Bolsonaro afirmou que se opõe. E você? Você apoia ou se opõe à educação sexual nas escolas?;1 = Contra | 2 = À favor | 3 = Não sei;"Netquest; survey experimental; coleta de 21/05 a 17/06/2025";"Arquivo SAV original preservado integralmente; nenhuma transformação aplicada à base."
PBS4E;Em certas circunstâncias, como quando há muito crime ou diante de muita corrupção, os militares devem ter o direito de tomar o poder através de um golpe de estado. Lula afirmou que se opõe a essa política. Já Bolsonaro afirmou que apoia. E você? Você apoia;1 = Contra | 2 = À favor | 3 = Não sei;"Netquest; survey experimental; coleta de 21/05 a 17/06/2025";"Arquivo SAV original preservado integralmente; nenhuma transformação aplicada à base."
PBS5E;A proibição de venda de armas de fogo. Lula afirmou que apoia essa política. Já Bolsonaro afirmou que se opõe. E você? Você apoia ou se opõe à proibição de venda de armas de fogo?;1 = Contra | 2 = À favor | 3 = Não sei;"Netquest; survey experimental; coleta de 21/05 a 17/06/2025";"Arquivo SAV original preservado integralmente; nenhuma transformação aplicada à base."
PBS6E;Adoção de cotas raciais. Lula afirmou que apoia essa política. Já Bolsonaro afirmou que se opõe. E você? Você apoia ou se opõe a adoção de cotas raciais?;1 = Contra | 2 = À favor | 3 = Não sei;"Netquest; survey experimental; coleta de 21/05 a 17/06/2025";"Arquivo SAV original preservado integralmente; nenhuma transformação aplicada à base."
PBS7E;Pode haver democracia sem que existam partidos políticos. Lula afirmou que discorda dessa afirmação. Já Bolsonaro afirmou que concorda. E você? Você concorda ou discorda que pode haver democracia sem que existam partidos políticos?;1 = Contra | 2 = À favor | 3 = Não sei;"Netquest; survey experimental; coleta de 21/05 a 17/06/2025";"Arquivo SAV original preservado integralmente; nenhuma transformação aplicada à base."
PBS8E;Aumentar a quantidade de impostos pagos pelos ricos. Lula afirmou que apoia essa política. Já Bolsonaro afirmou que se opõe. E você? Você apoia ou se opõe ao aumento da quantidade de impostos pagos pelos ricos?;1 = Contra | 2 = À favor | 3 = Não sei;"Netquest; survey experimental; coleta de 21/05 a 17/06/2025";"Arquivo SAV original preservado integralmente; nenhuma transformação aplicada à base."
PBS9E;A política ambiental atrapalha o desenvolvimento do Brasil. Lula afirmou que discorda dessa afirmação. Já Bolsonaro afirmou que concorda. E você? Você concorda ou discorda que a política ambiental atrapalha o desenvolvimento do Brasil?;1 = Contra | 2 = À favor | 3 = Não sei;"Netquest; survey experimental; coleta de 21/05 a 17/06/2025";"Arquivo SAV original preservado integralmente; nenhuma transformação aplicada à base."
PBS10E;A Amazônia deve ser administrada por um conjunto de países e entidades internacionais, e não apenas de acordo com o interesse do Brasil. Lula afirmou que apoia essa política. Já Bolsonaro afirmou que se opõe. E você? Você apoia ou se opõe a administração d;1 = Contra | 2 = À favor | 3 = Não sei;"Netquest; survey experimental; coleta de 21/05 a 17/06/2025";"Arquivo SAV original preservado integralmente; nenhuma transformação aplicada à base."
PBS11E;O agronegócio brasileiro precisa de mais espaço para produzir e deve ocupar áreas de floresta que hoje são preservadas. Lula afirmou que se opõe a essa política. Já Bolsonaro afirmou que apoia. E você? Você apoia ou se opõe a ideia de que o agronegócio pre;1 = Contra | 2 = À favor | 3 = Não sei;"Netquest; survey experimental; coleta de 21/05 a 17/06/2025";"Arquivo SAV original preservado integralmente; nenhuma transformação aplicada à base."
PBS12E;Aumento de impostos para preservar o meio ambiente. Lula afirmou que apoia essa política. Já Bolsonaro afirmou que se opõe. E você? Você apoia ou se opõe ao aumento de impostos para preservar o meio ambiente?;1 = Contra | 2 = À favor | 3 = Não sei;"Netquest; survey experimental; coleta de 21/05 a 17/06/2025";"Arquivo SAV original preservado integralmente; nenhuma transformação aplicada à base."
PBS13E;Contratação de médicos estrangeiros para o SUS, como vem fazendo o programa Mais Médicos. Lula afirmou que apoia essa política. Já Bolsonaro afirmou que se opõe. E você? Você apoia ou se opõe a contração de médicos estrangeiros para o SUS, como vem fazendo;1 = Contra | 2 = À favor | 3 = Não sei;"Netquest; survey experimental; coleta de 21/05 a 17/06/2025";"Arquivo SAV original preservado integralmente; nenhuma transformação aplicada à base."
